DllName,Count
ADVAPI32.DLL,586
KERNEL32.DLL,1041
MSVCRT.DLL,378
SHELL32.DLL,356
OLEAUT32.DLL,244
USER32.DLL,541
VERSION.DLL,113
OLE32.DLL,310
COMCTL32.DLL,97
COMDLG32.DLL,38
MPR.DLL,5
GDI32.DLL,165
SHLWAPI.DLL,199
MSCOREE.DLL,175
MFC140U.DLL,4
ACCELEROMETERDLL.DLL,1
VCRUNTIME140.DLL,120
API-MS-WIN-CRT-HEAP-L1-1-0.DLL,133
API-MS-WIN-CRT-STRING-L1-1-0.DLL,136
API-MS-WIN-CRT-RUNTIME-L1-1-0.DLL,158
API-MS-WIN-CRT-MATH-L1-1-0.DLL,134
API-MS-WIN-CRT-STDIO-L1-1-0.DLL,133
API-MS-WIN-CRT-LOCALE-L1-1-0.DLL,137
OLEACC.DLL,27
EVENT.DLL,1
WS2_32.DLL,201
LIBCARES-2.DLL,3
WINSPOOL.DRV,39
SQLITE.DLL,1
MSVCP120.DLL,3
MSVCR120.DLL,9
WINMM.DLL,56
MSVCP140.DLL,69
QUERY.DLL,1
API-MS-WIN-CRT-FILESYSTEM-L1-1-0.DLL,60
API-MS-WIN-CRT-MULTIBYTE-L1-1-0.DLL,9
ADBWINAPI.DLL,2
MSI.DLL,28
IPHLPAPI.DLL,30
SETUPAPI.DLL,31
WINHTTP.DLL,32
CRYPT32.DLL,71
WINTRUST.DLL,48
WININET.DLL,52
LIBCEF.DLL,7
PRM.DLL,2
ASLFOUNDATION.DLL,2
ASLMESSAGING.DLL,2
MEDIAFOUNDATION.DLL,2
IMAGERENDERER.DLL,2
VIDEOFRAME.DLL,2
BOOST_SYSTEM.DLL,3
DVACORE.DLL,3
DVAMEDIATYPES.DLL,2
DVATRANSPORT.DLL,3
DVAMARSHAL.DLL,3
DYNAMICLINK.DLL,3
DVAACCELERATE.DLL,1
API-MS-WIN-CRT-CONVERT-L1-1-0.DLL,77
PSAPI.DLL,42
SENSAPI.DLL,6
SECUR32.DLL,17
URLMON.DLL,15
USERENV.DLL,34
NETAPI32.DLL,16
VULCANMESSAGE5.DLL,1
VULCANCONTROL.DLL,1
DBGHELP.DLL,27
ADOBE_CAPS.DLL,1
RPCRT4.DLL,103
BCRYPT.DLL,17
MSIMG32.DLL,32
UXTHEME.DLL,22
GDIPLUS.DLL,44
IMM32.DLL,27
API-MS-WIN-MM-TIME-L1-1-0.DLL,1
API-MS-WIN-CORE-COM-L1-1-0.DLL,45
API-MS-WIN-CORE-FILE-L1-1-0.DLL,34
API-MS-WIN-CORE-ERRORHANDLING-L1-1-0.DLL,69
API-MS-WIN-CORE-HANDLE-L1-1-0.DLL,51
API-MS-WIN-CORE-SYNCH-L1-2-0.DLL,61
API-MS-WIN-CORE-LIBRARYLOADER-L1-2-0.DLL,60
API-MS-WIN-CORE-PROFILE-L1-1-0.DLL,73
API-MS-WIN-CORE-PROCESSTHREADS-L1-1-0.DLL,71
API-MS-WIN-CORE-SYSINFO-L1-1-0.DLL,67
API-MS-WIN-CORE-RTLSUPPORT-L1-1-0.DLL,56
API-MS-WIN-CORE-SYNCH-L1-1-0.DLL,54
TBB.DLL,1
API-MS-WIN-CRT-TIME-L1-1-0.DLL,54
LIBWINPTHREAD-1.DLL,13
OPENGL32.DLL,9
API-MS-WIN-CRT-ENVIRONMENT-L1-1-0.DLL,46
API-MS-WIN-CORE-STRING-L2-1-0.DLL,7
API-MS-WIN-CORE-REGISTRY-L1-1-0.DLL,44
API-MS-WIN-CORE-MEMORY-L1-1-0.DLL,21
API-MS-WIN-CORE-STRING-L1-1-0.DLL,36
API-MS-WIN-CORE-SYNCH-L1-2-1.DLL,7
API-MS-WIN-CORE-HEAP-L1-1-0.DLL,46
API-MS-WIN-CORE-THREADPOOL-LEGACY-L1-1-0.DLL,4
API-MS-WIN-CORE-STRING-OBSOLETE-L1-1-0.DLL,10
CRYPTBASE.DLL,1
MSWSOCK.DLL,5
API-MS-WIN-CORE-DELAYLOAD-L1-1-1.DLL,21
API-MS-WIN-CORE-DELAYLOAD-L1-1-0.DLL,21
API-MS-WIN-CORE-KERNEL32-LEGACY-L1-1-0.DLL,11
ASHTASK.DLL,3
ASHBASE.DLL,3
ASWENGLDR.DLL,3
NTDLL.DLL,242
ASWCMNBS.DLL,7
ASHTASKEX.DLL,1
ASWLOG.DLL,1
ASWCMNOS.DLL,4
MSVCR80.DLL,6
WEBENGINE.DLL,3
QT5HELP.DLL,1
QT5PRINTSUPPORT.DLL,3
QT5WIDGETS.DLL,15
QT5GUI.DLL,16
QT5SQL.DLL,1
QT5CORE.DLL,23
WTSAPI32.DLL,21
POWRPROF.DLL,12
API-MS-WIN-CRT-UTILITY-L1-1-0.DLL,37
ASWSYS.DLL,1
USP10.DLL,7
DWMAPI.DLL,7
IMAGEHLP.DLL,8
API-MS-WIN-EVENTING-PROVIDER-L1-1-0.DLL,28
API-MS-WIN-EVENTING-CLASSICPROVIDER-L1-1-0.DLL,12
API-MS-WIN-CORE-HEAP-L2-1-0.DLL,28
API-MS-WIN-CORE-PROCESSENVIRONMENT-L1-1-0.DLL,32
API-MS-WIN-SECURITY-BASE-L1-1-0.DLL,30
API-MS-WIN-CORE-WINRT-STRING-L1-1-0.DLL,22
API-MS-WIN-CORE-WINRT-ERROR-L1-1-0.DLL,11
API-MS-WIN-CORE-WINRT-ERROR-L1-1-1.DLL,3
API-MS-WIN-CORE-URL-L1-1-0.DLL,1
API-MS-WIN-CORE-SHLWAPI-OBSOLETE-L1-1-0.DLL,4
API-MS-WIN-CORE-WINRT-ROBUFFER-L1-1-0.DLL,1
API-MS-WIN-CORE-DEBUG-L1-1-0.DLL,37
API-MS-WIN-CORE-APIQUERY-L1-1-0.DLL,14
COMMONUI.DLL,2
ASWREGLIB.DLL,1
WSOCK32.DLL,3
AAVMRPCH.DLL,1
CRYPTUI.DLL,1
DNSAPI.DLL,7
ASWUTIL.DLL,1
ASWAUX.DLL,1
VAARCLIENT.DLL,1
ASWCMNIS.DLL,2
LIBCRYPTO-1_1-X64.DLL,1
CABINET.DLL,17
MSYS-GCC_S-1.DLL,13
MSYS-GMP-10.DLL,5
MSYS-INTL-8.DLL,96
MSYS-MPFR-4.DLL,1
MSYS-2.0.DLL,139
MSYS-READLINE7.DLL,5
API-MS-WIN-CORE-WINRT-L1-1-0.DLL,23
LIBLLVM_ANDROID.DLL,2
LIBBCC.DLL,1
API-MS-WIN-CORE-LOCALIZATION-L1-2-0.DLL,40
API-MS-WIN-CORE-HEAP-OBSOLETE-L1-1-0.DLL,8
API-MS-WIN-CORE-LIBRARYLOADER-L1-1-0.DLL,6
API-MS-WIN-CORE-CONSOLE-L1-1-0.DLL,17
API-MS-WIN-CORE-FILE-L1-2-0.DLL,9
API-MS-WIN-CORE-IO-L1-1-0.DLL,8
CRYPTSP.DLL,1
API-MS-WIN-CORE-LOCALIZATION-OBSOLETE-L1-1-0.DLL,1
MSVCR90.DLL,19
ATL.DLL,7
VSSAPI.DLL,4
RESUTILS.DLL,2
API-MS-WIN-SECURITY-LSALOOKUP-L1-1-0.DLL,4
DDCOMMON.DLL,2
API-MS-WIN-CRT-PRIVATE-L1-1-0.DLL,25
API-MS-WIN-DOWNLEVEL-KERNEL32-L1-1-0.DLL,1
API-MS-WIN-DOWNLEVEL-OLE32-L1-1-0.DLL,1
SSPICLI.DLL,3
API-MS-WIN-CORE-VERSION-L1-1-0.DLL,8
API-MS-WIN-SECURITY-SDDL-L1-1-0.DLL,13
API-MS-WIN-SERVICE-MANAGEMENT-L2-1-0.DLL,9
API-MS-WIN-SERVICE-MANAGEMENT-L1-1-0.DLL,9
API-MS-WIN-CORE-KERNEL32-LEGACY-L1-1-2.DLL,1
API-MS-WIN-CORE-PRIVATEPROFILE-L1-1-0.DLL,1
API-MS-WIN-CORE-REGISTRY-L2-1-0.DLL,8
API-MS-WIN-CORE-PRIVATEPROFILE-L1-1-1.DLL,1
API-MS-WIN-CORE-DATETIME-L1-1-0.DLL,4
API-MS-WIN-CORE-SYSINFO-L1-2-0.DLL,15
API-MS-WIN-CORE-LOCALIZATION-OBSOLETE-L1-2-0.DLL,3
API-MS-WIN-CORE-TIMEZONE-L1-1-0.DLL,13
BROWSER_ELF.DLL,1
MSVCP_WIN.DLL,9
API-MS-WIN-CORE-PATH-L1-1-0.DLL,5
API-MS-WIN-CORE-FILE-L2-1-2.DLL,3
API-MS-WIN-CORE-PROCESSTHREADS-L1-1-1.DLL,38
API-MS-WIN-CORE-INTERLOCKED-L1-1-0.DLL,27
WINSQLITE3.DLL,1
API-MS-WIN-SHELL-SHELLFOLDERS-L1-1-0.DLL,1
IERTUTIL.DLL,2
MSISO.DLL,1
API-MS-WIN-CORE-PROCESSTHREADS-L1-1-3.DLL,4
API-MS-WIN-RTCORE-NTUSER-SYNCH-L1-1-0.DLL,1
API-MS-WIN-RTCORE-NTUSER-WINDOW-L1-1-0.DLL,2
API-MS-WIN-CRT-CONIO-L1-1-0.DLL,6
MSPDB140.DLL,1
TIER0.DLL,18
VSTDLIB.DLL,10
DEVOBJ.DLL,2
QT5SERIALBUS.DLL,1
MSYS-NCURSESW6.DLL,13
MSYS-TICW6.DLL,3
CREDUI.DLL,2
LIBGNUTLS-30.DLL,4
LIBINTL-8.DLL,139
LIBSYSTRE-0.DLL,1
LIBTASN1-6.DLL,1
CHROME_ELF.DLL,1
NTDSAPI.DLL,3
EFSUTIL.DLL,2
FECLIENT.DLL,1
DSROLE.DLL,1
LIBEAY32.DLL,2
VCRUNTIME140_1.DLL,1
WCLDLL.DLL,1
AUTHZ.DLL,4
DDRAW.DLL,2
STEAM_API64.DLL,5
LOCALIZATION_FINALRELEASE.DLL,2
DATABASE_WIN64_FINALRELEASE.DLL,2
BINK2W64.DLL,4
D3D11.DLL,4
DXGI.DLL,7
HAVOKSCRIPT2013.2.0_WIN64_FINALRELEASE.DLL,2
D3D12.DLL,1
LIBJPEG.DLL,2
API-MS-WIN-CRT-PROCESS-L1-1-0.DLL,1
MSYS-GETTEXTLIB-0-19-8-1.DLL,17
MSVCR100.DLL,18
API-MS-WIN-CORE-ERRORHANDLING-L1-1-1.DLL,4
API-MS-WIN-CORE-PSAPI-L1-1-0.DLL,4
API-MS-WIN-CORE-LIBRARYLOADER-L1-1-1.DLL,4
API-MS-WIN-CORE-RTLSUPPORT-L1-2-0.DLL,4
API-MS-WIN-CORE-PSAPI-OBSOLETE-L1-1-0.DLL,1
API-MS-WIN-CORE-DEBUG-L1-1-1.DLL,6
API-MS-WIN-CORE-DATETIME-L1-1-1.DLL,4
MSOCF.DLL,1
DIFXAPI.DLL,2
API-MS-WIN-DEVICES-QUERY-L1-1-0.DLL,1
DBGENG.DLL,1
XMLLITE.DLL,8
API-MS-WIN-SHCORE-STREAM-L1-1-0.DLL,4
API-MS-WIN-CORE-JOB-L2-1-0.DLL,2
EXT-MS-WIN-RTCORE-NTUSER-SYSPARAMS-L1-1-0.DLL,1
API-MS-WIN-CORE-CONSOLE-L2-1-0.DLL,7
API-MS-WIN-CORE-WOW64-L1-1-0.DLL,2
API-MS-WIN-CORE-UTIL-L1-1-0.DLL,18
API-MS-WIN-SECURITY-LSALOOKUP-L2-1-0.DLL,6
API-MS-WIN-SECURITY-APPCONTAINER-L1-1-0.DLL,1
API-MS-WIN-CORE-NAMEDPIPE-L1-1-0.DLL,3
API-MS-WIN-CORE-IO-L1-1-1.DLL,2
API-MS-WIN-CORE-SHLWAPI-LEGACY-L1-1-0.DLL,3
API-MS-WIN-SECURITY-PROVIDER-L1-1-0.DLL,4
D3D9.DLL,14
AUDIORENDERER.DLL,1
BACKEND.DLL,1
MLFOUNDATION.DLL,1
PLUGINSUPPORT.DLL,1
SWEETPEASUPPORT.DLL,1
AUDIOSUPPORT.DLL,1
IMPORTERHOST.DLL,1
VIDEORENDERER.DLL,1
DVAAUDIODSP.DLL,1
CYGCOM_ERR-2.DLL,2
CYGE2P-2.DLL,2
CYGEXT2FS-2.DLL,2
CYGBLKID-1.DLL,2
CYGWIN1.DLL,2
CYGINTL-8.DLL,2
CYGUUID-1.DLL,2
CYGGCC_S-1.DLL,1
COMBASE.DLL,2
API-MS-WIN-POWER-SETTING-L1-1-0.DLL,1
API-MS-WIN-CORE-LIBRARYLOADER-L1-2-1.DLL,4
POLICYMANAGER.DLL,1
UNITYPLAYER.DLL,3
EDIT.DLL,1
API-MS-WIN-SERVICE-WINSVC-L1-2-0.DLL,1
API-MS-WIN-CORE-HEAP-L1-2-0.DLL,1
WPCOREUTIL.DLL,1
COREUI.DLL,1
EMSVCS.DLL,1
SHELLCHROMEAPI.DLL,1
SECRUNTIME.DLL,1
API-MS-WIN-CORE-FILE-L2-1-0.DLL,3
QT5NETWORK.DLL,3
QT5WINEXTRAS.DLL,1
QT5XML.DLL,7
LIBGCC_S_DW2-1.DLL,1
LIBSTDC++-6.DLL,4
EFSADU.DLL,1
LIBINTL3.DLL,2
PCRE3.DLL,1
REGEX2.DLL,1
MSVCP60.DLL,4
PARSIFAL.DLL,1
QT5SVG.DLL,6
LIBICONV-2.DLL,133
MUROCAPI.DLL,1
MFC140.DLL,1
MSYS-ICONV-2.DLL,13
GFX.DLL,3
OART.DLL,2
OARTCONV.DLL,1
JLI.DLL,24
LOGGINGPLATFORM.DLL,3
UPDATERINGSETTINGS.DLL,2
PROPSYS.DLL,8
TELEMETRY.DLL,1
VIRTDISK.DLL,1
MFC42U.DLL,7
AIDE.DLL,1
BTHPROPS.CPL,1
VCCORLIB140.DLL,1
CORE3D.DLL,1
AMD_AGS_X86.DLL,2
MSVFW32.DLL,2
D3DCOMPILER_47.DLL,1
TAPI32.DLL,2
FXSTIFF.DLL,1
FXSAPI.DLL,1
API-MS-WIN-APPMODEL-STATE-L1-2-0.DLL,1
API-MS-WIN-CORE-THREADPOOL-L1-2-0.DLL,7
EXT-MS-WIN-SESSION-USERMGR-L1-1-0.DLL,1
EXT-MS-WIN-GAMING-XBLGAMESAVE-L1-1-0.DLL,1
MSYS-GIO-2.0-0.DLL,3
MSYS-GLIB-2.0-0.DLL,6
MSYS-GOBJECT-2.0-0.DLL,5
MSYS-MPFR-6.DLL,2
ZLIB.DLL,17
MSYS-GMODULE-2.0-0.DLL,1
LIBPCRE2-8-0.DLL,131
ZLIB1.DLL,134
LIBSSP-0.DLL,131
LIBCURL-4.DLL,7
LIBEXPAT-1.DLL,2
SSLEAY32.DLL,1
SDL2.DLL,1
GLU32.DLL,2
MSYS-GPG-ERROR-0.DLL,2
MSYS-BZ2-1.DLL,5
MSYS-Z.DLL,3
MSYS-CURL-4.DLL,2
MFC42.DLL,2
QUARTZ.DLL,1
MSYS-PCRE-1.DLL,2
MSVCP90.DLL,4
ATL90.DLL,2
GFSDK_SHADOWLIB.WIN64.DLL,1
DSOUND.DLL,1
MF.DLL,2
MFPLAT.DLL,3
MSDMO.DLL,2
MFREADWRITE.DLL,1
D3DCOMPILER_43.DLL,1
GFSDK_TXAA_ALPHARESOLVE.WIN64.DLL,1
DINPUT8.DLL,3
XINPUT1_3.DLL,2
OLEDLG.DLL,5
HDF5_TOOLS.DLL,6
HDF5.DLL,6
API-MS-WIN-CORE-KERNEL32-LEGACY-L1-1-1.DLL,2
API-MS-WIN-SERVICE-CORE-L1-1-3.DLL,1
API-MS-WIN-DEVICES-CONFIG-L1-1-1.DLL,2
API-MS-WIN-CORE-KERNEL32-LEGACY-L1-1-4.DLL,1
API-MS-WIN-SERVICE-CORE-L1-1-0.DLL,6
API-MS-WIN-SERVICE-WINSVC-L1-1-0.DLL,6
PRNTVPT.DLL,1
MPICHD.DLL,1
WLANAPI.DLL,1
API-MS-WIN-DOWNLEVEL-SHELL32-L1-1-0.DLL,1
LIBCLANG_ANDROID.DLL,1
DUI70.DLL,2
DUSER.DLL,1
LOADPERF.DLL,2
API-MS-WIN-BASE-UTIL-L1-1-0.DLL,2
LIBLZMA-5.DLL,6
API-MS-WIN-CORE-VERSIONANSI-L1-1-1.DLL,1
API-MS-WIN-CORE-VERSIONANSI-L1-1-0.DLL,1
MIDLRTMD.DLL,2
UVDILOGGER.DLL,2
COMMON-HVDAGENT.DLL,2
API-MS-WIN-EVENTING-TDH-L1-1-0.DLL,1
API-MS-WIN-CORE-TOOLHELP-L1-1-0.DLL,2
API-MS-WIN-CORE-REGISTRY-L1-1-1.DLL,1
API-MS-WIN-EVENTING-CONTROLLER-L1-1-0.DLL,2
API-MS-WIN-EVENTING-LEGACY-L1-1-0.DLL,2
API-MS-WIN-EVENTING-CONSUMER-L1-1-0.DLL,1
EDGEISO.DLL,4
API-MS-WIN-CORE-MEMORY-L1-1-3.DLL,4
API-MS-WIN-CORE-PROCESSTHREADS-L1-1-2.DLL,4
API-MS-WIN-CORE-ERRORHANDLING-L1-1-2.DLL,4
API-MS-WIN-DOWNLEVEL-SHLWAPI-L1-1-0.DLL,1
CLBCATQ.DLL,1
AMD_AGS_X64.DLL,1
FMOD_EVENT64.DLL,1
FMODEX64.DLL,1
XINPUT9_1_0.DLL,2
MSVCP110.DLL,2
MSVCR110.DLL,3
MLGENLIB.DLL,1
MONO-2.0-BDWGC.DLL,1
MONO-2.0-SGEN.DLL,1
MONO.DLL,1
MPCLIENT.DLL,2
MSYS-GCRYPT-20.DLL,1
MSMPI.DLL,1
VCRUNTIME140D.DLL,1
UCRTBASED.DLL,1
MAINTENANCEUI.DLL,1
MSEDGE_ELF.DLL,2
MSYS-GETTEXTSRC-0-19-8-1.DLL,15
API-MS-WIN-CORE-COM-L1-1-1.DLL,1
API-MS-WIN-CORE-LOCALIZATION-L2-1-0.DLL,1
MSPDBCORE.DLL,1
ODBC32.DLL,1
TCL86.DLL,4
API-MS-WIN-CORE-ERRORHANDLING-L1-1-3.DLL,1
WEX.COMMON.DLL,2
WEX.LOGGER.DLL,1
TE.COMMON.DLL,3
TE.MODEL.DLL,1
TE.HOST.DLL,2
PDH.DLL,3
TEDUTIL.DLL,1
TPMCOREPROVISIONING.DLL,1
NCRYPT.DLL,2
TBS.DLL,1
TDH.DLL,1
MSYS-P11-KIT-0.DLL,1
MSYS-TASN1-6.DLL,1
API-MS-WIN-CORE-FIBERS-L1-1-0.DLL,3
TTDRECORD.DLL,1
API-MS-WIN-CORE-TIMEZONE-PRIVATE-L1-1-0.DLL,1
API-MS-WIN-SHCORE-OBSOLETE-L1-1-0.DLL,1
UICCDLL.DLL,1
UMBRAOPTIMIZER64.DLL,2
D3DX9_43.DLL,1
UNITY_BRIDGE.RELEASE.DLL,1
LIBFBXSDK.DLL,2
OPTIX.6.0.0.DLL,1
OPENIMAGEDENOISE.DLL,1
OPENRL.DLL,1
FREEIMAGE.DLL,1
HID.DLL,1
ISPC_TEXCOMP.DLL,1
WINPIXEVENTRUNTIME.DLL,1
SKETCHUPAPI.DLL,1
UNITY_BRIDGE.DLL,1
GLSLANG.DLL,1
DMCMNUTILS.DLL,1
VCRUNTIME140_APP.DLL,2
API-MS-WIN-CORE-INTERLOCKED-L1-2-0.DLL,2
UWPHOST.DLL,2
API-MS-WIN-SECURITY-CREDENTIALS-L1-1-0.DLL,1
VAULTCLI.DLL,1
CONCRT140.DLL,1
CPFE.DLL,1
OSUNINST.DLL,1
VDSUTIL.DLL,2
API-MS-WIN-CORE-VERSION-L1-1-1.DLL,1
API-MS-WIN-SECURITY-LSALOOKUP-ANSI-L2-1-0.DLL,1
WER.DLL,1
VSGRAPHICSCORE.DLL,1
DXTEX.DLL,1
D2D1.DLL,2
DWRITE.DLL,2
UIAUTOMATIONCORE.DLL,2
API-MS-WIN-DOWNLEVEL-SHLWAPI-L2-1-0.DLL,1
WEBSERVICES.DLL,2
API-MS-WIN-SECURITY-CRYPTOAPI-L1-1-0.DLL,1
API-MS-WIN-NTUSER-RECTANGLE-L1-1-0.DLL,1
VSPMSG.DLL,3
CLUSAPI.DLL,1
VCCORLIB110.DLL,1
PHONEAPPMODELHOST.DLL,1
NEWDEV.DLL,1
NODE.DLL,1
FFMPEG.DLL,1
VULKAN-1.DLL,3
LOGONCLI.DLL,1
NETUTILS.DLL,2
API-MS-WIN-STATESEPARATION-HELPERS-L1-1-0.DLL,2
NSI.DLL,1
UTIL.DLL,3
APPSHARE.DLL,1
WBEMCOMN.DLL,1
API-MS-WIN-CORE-STATE-HELPERS-L1-1-0.DLL,1
SAMCLI.DLL,1
WEX.COMMUNICATION.DLL,1
LIBGCC_S_SEH-1.DLL,3
API-MS-WIN-EVENTLOG-LEGACY-L1-1-0.DLL,1
WIMGAPI.DLL,1
WDSCORE.DLL,1
WINPTY.DLL,1
WSMSVC.DLL,1
EXT-MS-WIN-ROMETADATA-DISPENSER-L1-1-0.DLL,1
TK86.DLL,2
FRAMEDYNOS.DLL,1
WSCAPI.DLL,1
WSDAPI.DLL,2
API-MS-WIN-SHCORE-THREAD-L1-1-0.DLL,1
API-MS-WIN-CORE-CRT-L1-1-0.DLL,2
API-MS-WIN-CORE-CRT-L2-1-0.DLL,2
WUDFPLATFORM.DLL,1
DPX.DLL,1
LIBTRE-5.DLL,1
LIBNGHTTP2-14.DLL,2
JEMALLOC.DLL,2
LIBJANSSON-4.DLL,2
QT5XMLPATTERNS.DLL,2
MSYS-EXSLT-0.DLL,1
MSYS-XSLT-1.DLL,1
MSYS-XML2-2.DLL,1
LIBCAIRO-2.DLL,1
LIBPNG14-14.DLL,1
ZF_CEF.DLL,1
LIBBZ2-1.DLL,3
LIBNETTLE-6.DLL,3
DLLSAFECHECK.DLL,4
ZCRASHREPORT.DLL,4
CMMLIB.DLL,4
DUILIB.DLL,2
MSAALIB.DLL,1
LIBCRYPTO-1_1.DLL,1
TP.DLL,1
RESLIB.DLL,1
UIBASE.DLL,1
